<?xml version="1.0" encoding="UTF-8"?>
<project-private xmlns="http://www.netbeans.org/ns/project-private/1">
    <editor-bookmarks xmlns="http://www.netbeans.org/ns/editor-bookmarks/2" lastBookmarkId="0"/>
    <open-files xmlns="http://www.netbeans.org/ns/projectui-open-files/2">
        <group>
            <file>file:/D:/Airline/src/Search_Flight_Details.java</file>
            <file>file:/D:/Airline/src/HomeAdmin.java</file>
            <file>file:/D:/Airline/src/Add_Flight_Details.java</file>
            <file>file:/D:/Airline/src/Report.java</file>
            <file>file:/D:/Airline/src/Book_Ticket.java</file>
            <file>file:/D:/Airline/src/Cancel_Flight_Ticket.java</file>
        </group>
    </open-files>
</project-private>
